34,Male,2024-08-19 19:47:44
27,Male,2024-08-19 19:48:11
49,Female,2024-08-19 19:57:02
42,Female,2024-08-19 19:57:21
7,Female,2024-08-19 19:57:31
17,Female,2024-08-19 19:57:37
56,Female,2024-08-19 19:57:42
33,Male,2024-08-19 19:57:47
29,Female,2024-08-19 19:57:52
31,Male,2024-08-20 11:50:42
21,Male,2024-08-20 11:50:47
21,Male,2024-08-20 11:50:52
20,Male,2024-08-20 11:50:56
45,Female,2024-08-20 11:51:00
81,Female,2024-08-20 11:51:03
42,Female,2024-08-20 12:16:50
49,Female,2024-08-20 12:17:15
62,Female,2024-08-20 12:19:59
46,Male,2024-08-20 12:20:05
61,Female,2024-08-20 12:20:14
40,Male,2024-08-20 12:20:20
42,Female,2024-08-20 12:20:25
49,Female,2024-08-20 12:20:29
46,Male,2024-08-20 12:20:38
46,Male,2024-08-21 18:05:12
62,Female,2024-08-21 18:05:18
2,Male,2024-08-21 18:05:44
4,Male,2024-08-21 18:06:42
39,Female,2024-08-21 18:06:50
5,Female,2024-08-21 18:06:56
2,Male,2024-08-21 18:07:01
43,Female,2024-08-21 18:07:06
61,Male,2024-08-21 18:07:11
34,Male,2024-08-21 18:07:16
18,Female,2024-08-21 18:07:23
74,Male,2024-08-21 18:07:29
93,Male,2024-08-21 18:07:35
38,Male,2024-08-21 18:07:40
18,Female,2024-08-21 18:07:46
27,Male,2024-08-21 18:07:52
38,Male,2024-08-21 18:07:56
28,Female,2024-08-21 18:08:00
33,Female,2024-08-21 18:08:05
38,Male,2024-08-21 18:08:09
9,Female,2024-08-21 19:39:37
17,Female,2024-08-21 19:39:42
23,Male,2024-08-21 19:39:48
27,Male,2024-08-21 19:39:53
39,Female,2024-08-21 19:39:57
25,Female,2024-08-21 19:40:03
42,Male,2024-08-21 19:40:13
29,Female,2024-08-21 19:40:19
20,Female,2024-08-21 20:53:57
25,Male,2024-08-21 20:54:05
22,Male,2024-08-21 20:54:11
15,Male,2024-08-21 20:54:17
99,Male,2024-08-21 20:54:37
29,Male,2024-08-21 20:54:42
14,Female,2024-08-21 20:54:46
64,Female,2024-08-21 20:54:54
37,Female,2024-08-21 20:54:58
41,Female,2024-08-21 20:55:06
51,Female,2024-08-21 20:55:10
91,Female,2024-08-21 20:58:37
16,Male,2024-08-21 20:58:42
3,Female,2024-08-21 20:58:47
32,Male,2024-08-21 20:58:51
17,Male,2024-08-21 20:58:54
3,Male,2024-08-21 20:58:59
55,Female,2024-08-21 20:59:06
3,Male,2024-08-21 20:59:11
26,Female,2024-08-21 20:59:15
28,Female,2024-08-21 20:59:19
29,Male,2024-08-21 20:59:24
6,Female,2024-08-21 20:59:28
94,Female,2024-08-21 20:59:34
26,Male,2024-08-21 20:59:41
63,Female,2024-08-21 20:59:47
36,Male,2024-08-21 20:59:51
52,Female,2024-08-21 20:59:56
49,Female,2024-08-21 21:00:00
64,Female,2024-08-21 21:00:37
37,Female,2024-08-21 21:00:41
41,Female,2024-08-21 21:00:45
51,Female,2024-08-21 21:00:49
21,Male,2024-08-21 21:00:59
7,Female,2024-08-21 21:01:05
5,Female,2024-08-21 21:01:10
37,Female,2024-08-21 21:01:14
30,Male,2024-08-21 21:01:19
29,Female,2024-08-21 21:01:24
25,Male,2024-08-21 21:01:28
79,Female,2024-08-21 22:30:39
79,Female,2024-08-21 22:31:01
4,Female,2024-08-21 22:31:07
21,Female,2024-08-21 22:31:12
32,Female,2024-08-21 22:31:16
24,Male,2024-08-21 22:31:22
29,Female,2024-08-21 22:31:27
31,Female,2024-08-21 22:31:31
82,Male,2024-08-21 22:31:39
9,Female,2024-08-21 22:31:44
33,Female,2024-08-21 22:31:49
79,Female,2024-08-21 22:31:54
10,Female,2024-08-21 22:31:59
12,Female,2024-08-21 22:32:11
